Workbook

Sheet Q1- Stations by State
A3: Row Labels | B3: Average of ev_stations
A4: MAH | B4: 1067.1707
A5: DELHI | B5: 1050.7937
A6: BIHAR | B6: 138.25926
A7: KER | B7: 135.5
A8: MP | B8: 92.4
A9: RAJ | B9: 61.0625
A10: TN | B10: 61
A11: ASSAM | B11: 58.095238
A12: KAR | B12: 45.045455
A13: AP | B13: 41.630435
A14: TNG | B14: 32.026316
A15: HARYANA | B15: 26.071429
... A22: Grand Total | B22: 243.57495

Sheet Q2- Electricity by State
A3: Row Labels | B3: Sum of total_mu
A4: DELHI | B4: 252.654
A5: MAH | B5: 157.786
A6: GUJ | B6: 59.719
A7: HARYANA | B7: 8.869384
A8: AP | B8: 8.867
A9: RAJ | B9: 5.960228
A10: CHANDIGARH | B10: 5.108264
A11: WB | B11: 4.862
A12: KAR | B12: 3.88148
A13: ASSAM | B13: 3.579994
A14: TNG | B14: 3.418
A15: BIHAR | B15: 3.244
... A22: Grand Total | B22: 523.59109

Sheet Q3 (a)- Yearly Trend
A3: Row Labels | B3: Sum of ev_stations | C3: Sum of total_mu | D3: Growth % | E3: Growth %
A4: 2022-23 | B4: 37858 | C4: 139.35414 | D4: no growth for the first year, it's the base | E4: -
A5: 2023-24 | B5: 90506 | C5: 384.23694 | D5: =(B5-B4)/B4 -> 1.3906704 | E5: =(C5-C4)/C4 -> 1.7572696
A6: Grand Total | B6: 128364 | C6: 523.59109

Sheet Q3 (b)- Monthly Trend
A3: Sum of ev_stations
B4: 2022-23 | C4: 2023-24 | D4: Grand Total
A5: 1 | C5: 6365 | D5: 6365
A6: 2 | C6: 6500 | D6: 6500
A7: 3 | C7: 6714 | D7: 6714
A8: 4 | B8: 2744 | C8: 7289 | D8: 10033
A9: 5 | B9: 2852 | C9: 7554 | D9: 10406
A10: 6 | B10: 2947 | C10: 7730 | D10: 10677
A11: 7 | B11: 3006 | C11: 7796 | D11: 10802
A12: 8 | B12: 3173 | C12: 13113 | D12: 16286
A13: 9 | B13: 5533 | C13: 9420 | D13: 14953
A14: 10 | B14: 5616 | C14: 9434 | D14: 15050
A15: 11 | B15: 5785 | C15: 8591 | D15: 14376
A16: 12 | B16: 6202 | D16: 6202
A17: Grand Total | B17: 37858 | C17: 90506 | D17: 128364

Sheet Q4- Utilisation Index
A1: State | B1: Total EV Electricity (kWh) | C1: Total EV Stations | D1: Utilisation Index (kWh per station) | E1: Tier
A2: HARYANA | B2: =SUMIF('8486_cleaned_analysis'!F:F,A2,'8486_cleaned_analysis'!J:J) -> 8869709 | C2: =SUMIF('8486_cleaned_analysis'!F:F,A2,'8486_cleaned_analysis'!H:H) -> 730 | D2: =IF(C2>0,B2/C2,"") -> 12150.286 | E2: =IF(D2>5000,"High",IF(D2>1000,"Medium","Low")) -> High
A3: RAJ | B3: =SUMIF('8486_cleaned_analysis'!F:F,A3,'8486_cleaned_analysis'!J:J) -> 4979872 | C3: =SUMIF('8486_cleaned_analysis'!F:F,A3,'8486_cleaned_analysis'!H:H) -> 977 | D3: =IF(C3>0,B3/C3,"") -> 5097.1054 | E3: =IF(D3>5000,"High",IF(D3>1000,"Medium","Low")) -> High
A4: TN | B4: =SUMIF('8486_cleaned_analysis'!F:F,A4,'8486_cleaned_analysis'!J:J) -> 2309863 | C4: =SUMIF('8486_cleaned_analysis'!F:F,A4,'8486_cleaned_analysis'!H:H) -> 671 | D4: =IF(C4>0,B4/C4,"") -> 3442.4188 | E4: =IF(D4>5000,"High",IF(D4>1000,"Medium","Low")) -> Medium
A5: CHANDIGARH | B5: =SUMIF('8486_cleaned_analysis'!F:F,A5,'8486_cleaned_analysis'!J:J) -> 360032 | C5: =SUMIF('8486_cleaned_analysis'!F:F,A5,'8486_cleaned_analysis'!H:H) -> 107 | D5: =IF(C5>0,B5/C5,"") -> 3364.785 | E5: =IF(D5>5000,"High",IF(D5>1000,"Medium","Low")) -> Medium
A6: DELHI | B6: =SUMIF('8486_cleaned_analysis'!F:F,A6,'8486_cleaned_analysis'!J:J) -> 181260299 | C6: =SUMIF('8486_cleaned_analysis'!F:F,A6,'8486_cleaned_analysis'!H:H) -> 66200 | D6: =IF(C6>0,B6/C6,"") -> 2738.071 | E6: =IF(D6>5000,"High",IF(D6>1000,"Medium","Low")) -> Medium
A7: ASSAM | B7: =SUMIF('8486_cleaned_analysis'!F:F,A7,'8486_cleaned_analysis'!J:J) -> 3046559 | C7: =SUMIF('8486_cleaned_analysis'!F:F,A7,'8486_cleaned_analysis'!H:H) -> 1220 | D7: =IF(C7>0,B7/C7,"") -> 2497.1795 | E7: =IF(D7>5000,"High",IF(D7>1000,"Medium","Low")) -> Medium
A8: JHARKHAND | B8: =SUMIF('8486_cleaned_analysis'!F:F,A8,'8486_cleaned_analysis'!J:J) -> 14360 | C8: =SUMIF('8486_cleaned_analysis'!F:F,A8,'8486_cleaned_analysis'!H:H) -> 8 | D8: =IF(C8>0,B8/C8,"") -> 1795 | E8: =IF(D8>5000,"High",IF(D8>1000,"Medium","Low")) -> Medium
A9: UP | B9: =SUMIF('8486_cleaned_analysis'!F:F,A9,'8486_cleaned_analysis'!J:J) -> 35564 | C9: =SUMIF('8486_cleaned_analysis'!F:F,A9,'8486_cleaned_analysis'!H:H) -> 36 | D9: =IF(C9>0,B9/C9,"") -> 987.88889 | E9: =IF(D9>5000,"High",IF(D9>1000,"Medium","Low")) -> Low
A10: GUJ | B10: =SUMIF('8486_cleaned_analysis'!F:F,A10,'8486_cleaned_analysis'!J:J) -> 1479363 | C10: =SUMIF('8486_cleaned_analysis'!F:F,A10,'8486_cleaned_analysis'!H:H) -> 1655 | D10: =IF(C10>0,B10/C10,"") -> 893.87492 | E10: =IF(D10>5000,"High",IF(D10>1000,"Medium","Low")) -> Low
A11: TNG | B11: =SUMIF('8486_cleaned_analysis'!F:F,A11,'8486_cleaned_analysis'!J:J) -> 932007 | C11: =SUMIF('8486_cleaned_analysis'!F:F,A11,'8486_cleaned_analysis'!H:H) -> 1217 | D11: =IF(C11>0,B11/C11,"") -> 765.82334 | E11: =IF(D11>5000,"High",IF(D11>1000,"Medium","Low")) -> Low
A12: KER | B12: =SUMIF('8486_cleaned_analysis'!F:F,A12,'8486_cleaned_analysis'!J:J) -> 1695501 | C12: =SUMIF('8486_cleaned_analysis'!F:F,A12,'8486_cleaned_analysis'!H:H) -> 2439 | D12: =IF(C12>0,B12/C12,"") -> 695.16236 | E12: =IF(D12>5000,"High",IF(D12>1000,"Medium","Low")) -> Low
A13: BIHAR | B13: =SUMIF('8486_cleaned_analysis'!F:F,A13,'8486_cleaned_analysis'!J:J) -> 1758620 | C13: =SUMIF('8486_cleaned_analysis'!F:F,A13,'8486_cleaned_analysis'!H:H) -> 3733 | D13: =IF(C13>0,B13/C13,"") -> 471.10099 | E13: =IF(D13>5000,"High",IF(D13>1000,"Medium","Low")) -> Low
... A19: MAH | B19: =SUMIF('8486_cleaned_analysis'!F:F,A19,'8486_cleaned_analysis'!J:J) -> 8078812 | C19: =SUMIF('8486_cleaned_analysis'!F:F,A19,'8486_cleaned_analysis'!H:H) -> 43754 | D19: =IF(C19>0,B19/C19,"") -> 184.64168 | E19: =IF(D19>5000,"High",IF(D19>1000,"Medium","Low")) -> Low

Sheet 8486_cleaned_analysis
A1: Country | B1: financial_year | C1: calendar_year | D1: calendar_month | E1: DISCOM | F1: State | G1: city | H1: ev_stations | I1: hd_stations | J1: ev_kwh | K1: hd_kwh | L1: total_mu
A2: India | B2: 2023-24 | C2: 2023 | D2: 8 | E2: HESCOM | F2: KAR | G2: hubli | H2: 12 | I2: 0 | J2: 12807 | K2: 0 | L2: 0.013
A3: India | B3: 2023-24 | C3: 2023 | D3: 9 | E3: HESCOM | F3: KAR | G3: hubli | H3: 22 | I3: 0 | J3: 11790 | K3: 0 | L3: 0.012
A4: India | B4: 2023-24 | C4: 2023 | D4: 9 | E4: APEPDCL | F4: AP | G4: visakhapatnam, rajmahendravaram, west godavari, srikakulam, vizianagaram | H4: 70 | I4: 0 | J4: 22216 | K4: 0 | L4: 0.022
A5: India | B5: 2023-24 | C5: 2023 | D5: 9 | E5: NBPDCL | F5: BIHAR | G5: patna | H5: 204 | I5: 0 | J5: 32693 | K5: 0 | L5: 0.033
A6: India | B6: 2023-24 | C6: 2023 | D6: 9 | E6: GESCOM | F6: KAR | G6: kalaburgi | H6: 1 | I6: 0 | J6: 1498 | K6: 0 | L6: 0.001
A7: India | B7: 2023-24 | C7: 2023 | D7: 9 | E7: DGVCL | F7: GUJ | G7: surat city, navsari, vapi-town, haldarva, bharuch east, kavadiya colony | H7: 53 | I7: 13 | J7: 48121 | K7: 1615706 | L7: 1.664
A8: India | B8: 2023-24 | C8: 2023 | D8: 9 | E8: APEPDCL | F8: AP | G8: visakhapatnam, rajmahendravaram, west godavari, srikakulam, vizianagaram | H8: 70 | I8: 0 | J8: 22216 | K8: 0 | L8: 0.022
A9: India | B9: 2023-24 | C9: 2023 | D9: 9 | E9: Tata Power-DDL | F9: DELHI | G9: new delhi | H9: 639 | I9: 5 | J9: 3220000 | K9: 810000 | L9: 4.03
A10: India | B10: 2023-24 | C10: 2023 | D10: 9 | E10: MPMKVVCL | F10: MP | G10: bhopal city, gwalior city, betul, guna, harda, itarsi, narmadapuram, bareli, raisen, narsinghgarh, zeerapur, ashta, vidisha | H10: 97 | I10: 1 | J10: 25358 | K10: 218128 | L10: 0.243
A11: India | B11: 2023-24 | C11: 2023 | D11: 9 | E11: PGVCL | F11: GUJ | G11: rajkot, surendranagar, junagadh, jamnagar, morbi, botad | H11: 25 | I11: 3 | J11: 61807 | K11: 469488 | L11: 0.531
A12: India | B12: 2023-24 | C12: 2023 | D12: 9 | E12: MESCOM | F12: KAR | G12: mangaluru, udupi, shivamogga, chikkamagaluru | H12: 67 | I12: 2 | J12: 5612 | K12: 80109 | L12: 0.086
A13: India | B13: 2023-24 | C13: 2023 | D13: 9 | E13: APEPDCL | F13: AP | G13: visakhapatnam, rajmahendravaram, west godavari, srikakulam, vizianagaram | H13: 70 | I13: 0 | J13: 22216 | K13: 0 | L13: 0.022
... A19: India | B19: 2023-24 | C19: 2023 | D19: 8 | E19: SBPDCL | F19: BIHAR | G19: patna | H19: 223 | I19: 2 | J19: 277174 | K19: 225321 | L19: 0.502
A20: India | B20: 2023-24 | C20: 2023 | D20: 8 | E20: DVC | F20: JHARKHAND | G20: maithon, dhanbad | I20: 0 | J20: 3590 | K20: 0 | L20: 0
A21: India | B21: 2023-24 | C21: 2023 | D21: 8 | E21: CESC | F21: WB | G21: kolkata | H21: 12 | I21: 11 | J21: 2098 | K21: 244605 | L21: 0.247
A22: India | B22: 2023-24 | C22: 2023 | D22: 8 | E22: APDCL | F22: ASSAM | G22: badarpur, karimganj, kokrajhar, nagaon, silchar, guwahati, tezpur | H22: 99 | I22: 9 | J22: 221296 | K22: 19714 | L22: 0.241
A23: India | B23: 2023-24 | C23: 2023 | D23: 1 | E23: Brihan Mumbai Electric Supply Company (BEST) | F23: MAH | G23: mumbai (best) | H23: 17 | I23: 10 | J23: 37699 | K23: 1656478 | L23: 1.694
A24: India | B24: 2023-24 | C24: 2023 | D24: 1 | E24: MESCOM | F24: KAR | G24: mangaluru, udupi, shivamogga, chikkamagaluru | H24: 63 | I24: 0 | J24: 5037 | K24: 0 | L24: 0.005
A25: India | B25: 2023-24 | C25: 2023 | D25: 1 | E25: BYPL | F25: DELHI | G25: new delhi | H25: 994 | I25: 2 | J25: 1761898 | K25: 613200 | L25: 2.375
A26: India | B26: 2023-24 | C26: 2023 | D26: 1 | E26: UGVCL | F26: GUJ | G26: hebatpur, bavla(ramnagar), fedra, dholasan, asal, modasa, majadar, nugar, rangpur | H26: 12 | I26: 0 | J26: 2767 | K26: 0 | L26: 0.003
A27: India | B27: 2023-24 | C27: 2023 | D27: 1 | E27: APDCL | F27: ASSAM | G27: badarpur, karimganj, kokrajhar, nagaon, silchar, guwahati, tezpur | H27: 53 | I27: 3 | J27: 94498 | K27: 27821 | L27: 0.122
A28: India | B28: 2023-24 | C28: 2023 | D28: 1 | E28: SBPDCL | F28: BIHAR | G28: patna | H28: 78 | I28: 0 | J28: 6000 | K28: 0 | L28: 0.006
A29: India | B29: 2023-24 | C29: 2023 | D29: 1 | E29: Torrent Power | F29: GUJ | G29: ahemdabad | H29: 10 | I29: 6 | J29: 4612 | K29: 1452970 | L29: 1.458
A30: India | B30: 2022-23 | C30: 2022 | D30: 4 | E30: TANGEDCO | F30: TN | G30: coimbatore, villupuram, tirunelveli, chennai north, vellore | H30: 30 | I30: 0 | J30: 53523 | K30: 0 | L30: 0.054
A31: India | B31: 2022-23 | C31: 2022 | D31: 4 | E31: MSEDCL | F31: MAH | G31: navi mumbai, pune, thane, nagpur | H31: 48 | I31: 4 | J31: 1 | K31: 133796 | L31: 0.134
A32: India | B32: 2022-23 | C32: 2022 | D32: 4 | E32: APEPDCL | F32: AP | G32: visakhapatnam, rajmahendravaram, west godavari, srikakulam, vizianagaram | H32: 33 | I32: 0 | J32: 6101 | K32: 0 | L32: 0.006
... A51: India | B51: 2023-24 | C51: 2023 | D51: 4 | E51: Noida Power Company Ltd. (NPCL) | F51: UP | G51: greater noida | H51: 3 | I51: 0 | J51: 117 | K51: 0 | L51: 0
A52: India | B52: 2023-24 | C52: 2023 | D52: 4 | E52: JDVVNL | F52: RAJ | G52: pali | L52: 0
A53: India | B53: 2023-24 | C53: 2023 | D53: 4 | E53: TSNPDCL | F53: TNG | G53: adilabad, hanamkonda, kamareddy, karimnagar, khammam, mahabubabad, nirmal, nazimabad, pdeapally, warangal | H53: 32 | I53: 0 | J53: 8015 | K53: 0 | L53: 0.008
A54: India | B54: 2023-24 | C54: 2023 | D54: 4 | E54: BRPL | F54: DELHI | G54: new delhi | H54: 1666 | I54: 1 | J54: 4044558 | K54: 864960 | L54: 4.91
A55: India | B55: 2023-24 | C55: 2023 | D55: 4 | E55: TANGEDCO | F55: TN | G55: coimbatore, villupuram, tirunelveli, chennai north, vellore | L55: 0
A56: India | B56: 2023-24 | C56: 2023 | D56: 4 | E56: AVVNL | F56: RAJ | G56: ajmer | H56: 24 | I56: 0 | J56: 10674 | K56: 0 | L56: 0.011
A57: India | B57: 2023-24 | C57: 2023 | D57: 4 | E57: KSEB | F57: KER | G57: thiruvananthapuram, ernakulam, kozhikode | H57: 258 | I57: 4 | J57: 103348 | K57: 29360 | L57: 0.133
A58: India | B58: 2023-24 | C58: 2023 | D58: 4 | E58: NBPDCL | F58: BIHAR | G58: patna | H58: 107 | I58: 0 | J58: 9338 | K58: 0 | L58: 0.009
A59: India | B59: 2023-24 | C59: 2023 | D59: 4 | E59: BYPL | F59: DELHI | G59: new delhi | H59: 1024 | I59: 2 | J59: 2214653 | K59: 823223 | L59: 3.038
A60: India | B60: 2023-24 | C60: 2023 | D60: 4 | E60: SBPDCL | F60: BIHAR | G60: patna | H60: 103 | I60: 2 | J60: 142024 | K60: 196093 | L60: 0.338
A61: India | B61: 2023-24 | C61: 2023 | D61: 4 | E61: UHBVN | F61: HARYANA | G61: panchkula, karnal, kaithal, sonipat, ambala, kurukshetra | H61: 8 | I61: 0 | J61: 11948 | K61: 0 | L61: 0.012
A62: India | B62: 2023-24 | C62: 2023 | D62: 4 | E62: PGVCL | F62: GUJ | G62: rajkot, surendranagar, junagadh, jamnagar, morbi, botad | H62: 19 | I62: 3 | J62: 14876 | K62: 441657 | L62: 0.457
A63: India | B63: 2023-24 | C63: 2023 | D63: 4 | E63: JVVNL | F63: RAJ | G63: alwar, dausa, jcc, jpdc | H63: 130 | I63: 7 | J63: 298987 | K63: 56387 | L63: 0.355
A64: India | B64: 2023-24 | C64: 2023 | D64: 4 | E64: Torrent Power | F64: GUJ | G64: ahemdabad | H64: 14 | I64: 6 | J64: 10699 | K64: 1732732 | L64: 1.743
A65: India | B65: 2023-24 | C65: 2023 | D65: 4 | E65: CESC Mysore | F65: KAR | G65: mysore, mandya, hassan, kodagu | H65: 20 | I65: 3 | J65: 6665 | K65: 84995 | L65: 0.092
A66: India | B66: 2023-24 | C66: 2023 | D66: 4 | E66: DGVCL | F66: GUJ | G66: surat city, navsari, vapi-town, haldarva, bharuch east, kavadiya colony | H66: 43 | I66: 11 | J66: 27102 | K66: 1270038 | L66: 1.297
A67: India | B67: 2023-24 | C67: 2023 | D67: 4 | E67: MESCOM | F67: KAR | G67: mangaluru, udupi, shivamogga, chikkamagaluru | H67: 64 | I67: 0 | J67: 7999 | K67: 0 | L67: 0.008
... A72: India | B72: 2023-24 | C72: 2023 | D72: 4 | E72: UGVCL | F72: GUJ | G72: hebatpur, bavla(ramnagar), fedra, dholasan, asal, modasa, majadar, nugar, rangpur | H72: 20 | I72: 0 | J72: 8187 | K72: 0 | L72: 0.008
A73: India | B73: 2023-24 | C73: 2023 | D73: 4 | E73: GESCOM | F73: KAR | G73: kalaburgi | L73: 0
A74: India | B74: 2023-24 | C74: 2023 | D74: 4 | E74: DHBVN | F74: HARYANA | G74: faridabad, gurugram, hisar, rewari, sirsa, narnaul, palwal | H74: 46 | I74: 0 | J74: 611819 | K74: 0 | L74: 0.612
A75: India | B75: 2023-24 | C75: 2023 | D75: 4 | F75: CHANDIGARH | G75: chandigarh | H75: 15 | I75: 6 | J75: 534 | K75: 486706 | L75: 0.487
A76: India | B76: 2023-24 | C76: 2023 | D76: 4 | E76: APEPDCL | F76: AP | G76: visakhapatnam, rajmahendravaram, west godavari, srikakulam, vizianagaram | H76: 65 | I76: 0 | J76: 24563 | K76: 0 | L76: 0.025
A77: India | B77: 2023-24 | C77: 2023 | D77: 4 | E77: APSPDCL | F77: AP | G77: anantpur, kadapa, kurnool, nellore, tirupati | H77: 28 | I77: 7 | J77: 9087 | K77: 609081 | L77: 0.618
A78: India | B78: 2023-24 | C78: 2023 | D78: 4 | E78: DVC | F78: JHARKHAND | G78: maithon, dhanbad | L78: 0
A79: India | B79: 2023-24 | C79: 2023 | D79: 4 | E79: Tata Power-DDL | F79: DELHI | G79: new delhi | H79: 621 | I79: 2 | J79: 3120000 | K79: 1490000 | L79: 4.61
A80: India | B80: 2023-24 | C80: 2023 | D80: 4 | E80: Brihan Mumbai Electric Supply Company (BEST) | F80: MAH | G80: mumbai (best) | H80: 23 | I80: 16 | J80: 52676 | K80: 1706136 | L80: 1.759
A81: India | B81: 2023-24 | C81: 2023 | D81: 4 | E81: TSSPDCL | F81: TNG | G81: hyderabad | H81: 64 | I81: 6 | J81: 44000 | K81: 172000 | L81: 0.216
A82: India | B82: 2023-24 | C82: 2023 | D82: 4 | E82: MSEDCL | F82: MAH | G82: navi mumbai, pune, thane, nagpur | H82: 2782 | I82: 15 | J82: 413578 | K82: 6361689 | L82: 6.775
A83: India | B83: 2022-23 | C83: 2022 | D83: 8 | E83: DGVCL | F83: GUJ | G83: surat city, navsari, vapi-town, haldarva, bharuch east, kavadiya colony | H83: 7 | I83: 1 | J83: 15736 | K83: 480420 | L83: 0.496
A84: India | B84: 2022-23 | C84: 2022 | D84: 8 | E84: CESC | F84: WB | G84: kolkata | H84: 5 | I84: 11 | J84: 285 | K84: 266072 | L84: 0.266
A85: India | B85: 2022-23 | C85: 2022 | D85: 8 | E85: TANGEDCO | F85: TN | G85: coimbatore, villupuram, tirunelveli, chennai north, vellore | H85: 37 | I85: 0 | J85: 42753 | K85: 0 | L85: 0.043
A86: India | B86: 2022-23 | C86: 2022 | D86: 8 | E86: APEPDCL | F86: AP | G86: visakhapatnam, rajmahendravaram, west godavari, srikakulam, vizianagaram | H86: 36 | I86: 0 | J86: 5339 | K86: 0 | L86: 0.005
A87: India | B87: 2022-23 | C87: 2022 | D87: 8 | E87: MESCOM | F87: KAR | G87: mangaluru, udupi, shivamogga, chikkamagaluru | H87: 60 | I87: 0 | J87: 1372 | K87: 0 | L87: 0.001
A88: India | B88: 2022-23 | C88: 2022 | D88: 8 | E88: UGVCL | F88: GUJ | G88: hebatpur, bavla(ramnagar), fedra, dholasan, asal, modasa, majadar, nugar, rangpur | H88: 6 | I88: 0 | J88: 1646 | K88: 0 | L88: 0.002
A89: India | B89: 2022-23 | C89: 2022 | D89: 8 | E89: APDCL | F89: ASSAM | G89: badarpur, karimganj, kokrajhar, nagaon, silchar, guwahati, tezpur | H89: 14 | I89: 2 | J89: 26156 | K89: 24522 | L89: 0.051
A90: India | B90: 2022-23 | C90: 2022 | D90: 8 | E90: MSEDCL | F90: MAH | G90: navi mumbai, pune, thane, nagpur | H90: 48 | I90: 4 | J90: 2692 | K90: 1121308 | L90: 1.124
... A100: India | B100: 2022-23 | C100: 2022 | D100: 8 | E100: UHBVN | F100: HARYANA | G100: panchkula, karnal, kaithal, sonipat | H100: 6 | I100: 0 | J100: 1009 | K100: 0 | L100: 0.001
A101: India | B101: 2022-23 | C101: 2022 | D101: 11 | E101: HESCOM | F101: KAR | H101: 1 | I101: 0 | J101: 274 | K101: 0 | L101: 0.00027
A102: India | B102: 2022-23 | C102: 2022 | D102: 8 | E102: DVC | F102: JHARKHAND | G102: maithon, dhanbad | H102: 1 | I102: 0 | J102: 0 | K102: 0 | L102: 0
A103: India | B103: 2022-23 | C103: 2022 | D103: 8 | E103: Tata Power-DDL | F103: DELHI | G103: new delhi | H103: 543 | I103: 2 | J103: 2410000 | K103: 1060000 | L103: 3.47
A104: India | B104: 2022-23 | C104: 2022 | D104: 8 | E104: BYPL | F104: DELHI | G104: new delhi | H104: 982 | I104: 1 | J104: 1691718 | K104: 286170 | L104: 1.978
A105: India | B105: 2022-23 | C105: 2022 | D105: 8 | E105: TSSPDCL | F105: TNG | G105: hyderabad | H105: 27 | I105: 2 | J105: 12869 | K105: 861 | L105: 0.014
A106: India | B106: 2023-24 | C106: 2023 | D106: 8 | E106: UGVCL | F106: GUJ | G106: surat city, navsari, vapi-town, haldarva, bharuch east, kavadiya colony | H106: 52 | I106: 12 | J106: 35136 | K106: 1497936 | L106: 1.533
A107: India | B107: 2023-24 | C107: 2023 | D107: 8 | E107: MPMKVVCL | F107: MP | G107: bhopal city, gwalior city, betul, guna, harda, itarsi, narmadapuram, bareli, raisen, narsinghgarh, zeerapur, ashta, vidisha | H107: 92 | I107: 1 | J107: 21720 | K107: 181266 | L107: 0.203
A108: India | B108: 2023-24 | C108: 2023 | D108: 8 | E108: MSEDCL | F108: MAH | H108: 2782 | I108: 17 | J108: 652263 | K108: 7178071 | L108: 7.83
A109: India | B109: 2023-24 | C109: 2023 | D109: 8 | E109: PGVCL | F109: GUJ | G109: rajkot, surendranagar, junagadh, jamnagar, morbi, botad | H109: 28 | I109: 3 | J109: 24253 | K109: 313184 | L109: 0.337
A110: India | B110: 2023-24 | C110: 2023 | D110: 8 | E110: MESCOM | F110: KAR | G110: mangaluru, udupi, shivamogga, chikkamagaluru | H110: 67 | I110: 2 | J110: 19805 | K110: 100752 | L110: 0.121
A111: India | B111: 2023-24 | C111: 2023 | D111: 8 | E111: APEPDCL | F111: AP | G111: visakhapatnam, rajmahendravaram, west godavari, srikakulam, vizianagaram | H111: 70 | I111: 0 | J111: 38473 | K111: 0 | L111: 0.038
A112: India | B112: 2023-24 | C112: 2023 | D112: 8 | E112: TSNPDCL | F112: TNG | G112: adilabad, hanamkonda, kamareddy, karimnagar, khammam, mahabubabad, nirmal, nazimabad, pdeapally, warangal | H112: 33 | I112: 0 | J112: 8714 | K112: 0 | L112: 0.009
A113: India | B113: 2023-24 | C113: 2023 | D113: 8 | E113: KSEB | F113: KER | G113: thiruvananthapuram, ernakulam, kozhikode | H113: 276 | I113: 5 | J113: 144612 | K113: 31300 | L113: 0.176
A114: India | B114: 2023-24 | C114: 2023 | D114: 8 | E114: APDCL | F114: ASSAM | G114: badarpur, karimganj, kokrajhar, nagaon, silchar, guwahati, tezpur | H114: 99 | I114: 9 | J114: 221296 | K114: 19714 | L114: 0.241
A115: India | B115: 2023-24 | C115: 2023 | D115: 8 | E115: UGVCL | F115: GUJ | G115: hebatpur, bavla (ramnagar), fedra, dholasan, asal, modasa, majadar, nugar | H115: 27 | I115: 0 | J115: 14916 | K115: 0 | L115: 0.015
A116: India | B116: 2023-24 | C116: 2023 | D116: 8 | E116: Noida Power Company Ltd. (NPCL) | F116: UP | G116: greater noida | H116: 3 | I116: 0 | J116: 2163 | K116: 0 | L116: 0.002
A117: India | B117: 2023-24 | C117: 2023 | D117: 8 | E117: DGVCL | F117: GUJ | G117: surat city, navsari, vapi-town, haldarva, bharuch east, kavadiya colony | H117: 52 | I117: 12 | J117: 35136 | K117: 1497936 | L117: 1.533
A118: India | B118: 2023-24 | C118: 2023 | D118: 8 | E118: APEPDCL | F118: AP | G118: visakhapatnam, rajmahendravaram, west godavari, srikakulam, vizianagaram | H118: 70 | I118: 0 | J118: 38473 | K118: 0 | L118: 0.038
A119: India | B119: 2023-24 | C119: 2023 | D119: 8 | E119: Tata Power-DDL | F119: DELHI | G119: new delhi | H119: 639 | I119: 3 | J119: 2610000 | K119: 1580000 | L119: 4.19
A120: India | B120: 2023-24 | C120: 2023 | D120: 8 | E120: MPMKVVCL | F120: MP | G120: bhopal city, gwalior city, betul, guna, harda, itarsi, narmadapuram, bareli, raisen, narsinghgarh, zeerapur, ashta, vidisha | H120: 92 | I120: 1 | J120: 21720 | K120: 181266 | L120: 0.203
... A130: India | B130: 2023-24 | C130: 2023 | D130: 8 | E130: JVVNL | F130: RAJ | G130: alwar, dausa, jcc, jpdc | H130: 172 | I130: 11 | J130: 430496 | K130: 83625 | L130: 0.514
A131: India | B131: 2023-24 | C131: 2023 | D131: 8 | E131: JDVVNL | F131: RAJ | G131: pali | I131: 11 | J131: 430496 | K131: 83625 | L131: 0.514121
A132: India | B132: 2023-24 | C132: 2023 | D132: 8 | E132: AVVNL | F132: RAJ | G132: ajmer | H132: 34 | I132: 0 | J132: 17127 | K132: 0 | L132: 0.017
A133: India | B133: 2023-24 | C133: 2023 | D133: 8 | E133: UHBVN | F133: HARYANA | G133: panchkula, karnal, kaithal, sonipat, ambala, kurukshetra | H133: 15 | I133: 0 | J133: 15344 | K133: 0 | L133: 0.015
A134: India | B134: 2023-24 | C134: 2023 | D134: 8 | E134: DHBVN | F134: HARYANA | G134: faridabad, gurugram, hisar, rewari, sirsa, narnaul, palwal | H134: 64 | I134: 0 | J134: 1058482 | K134: 0 | L134: 1.058
A135: India | B135: 2023-24 | C135: 2023 | D135: 8 | F135: CHANDIGARH | G135: chandigarh | H135: 21 | I135: 6 | J135: 26836 | K135: 606530 | L135: 0.633
A136: India | B136: 2023-24 | C136: 2023 | D136: 8 | E136: MSEDCL | F136: MAH | G136: navi mumbai, pune, thane, nagpur | H136: 2782 | I136: 17 | J136: 652263 | K136: 7178071 | L136: 7.83
A137: India | B137: 2023-24 | C137: 2023 | D137: 8 | E137: Brihan Mumbai Electric Supply Company (BEST) | F137: MAH | G137: mumbai (best) | H137: 46 | I137: 34 | J137: 223432 | K137: 1843499 | L137: 2.067
A138: India | B138: 2023-24 | C138: 2023 | D138: 8 | E138: UGVCL | F138: GUJ | G138: hebatpur, bavla (ramnagar), fedra, dholasan, asal, modasa, majadar, nugar, rangpur | H138: 27 | I138: 0 | J138: 14916 | K138: 0 | L138: 0.015
A139: India | B139: 2023-24 | C139: 2023 | D139: 8 | E139: PGVCL | F139: GUJ | G139: rajkot, surendranagar, junagadh, jamnagar, morbi, botad | H139: 25 | I139: 3 | J139: 24269 | K139: 313184 | L139: 0.337
A140: India | B140: 2023-24 | C140: 2023 | D140: 8 | E140: Torrent Power | F140: GUJ | G140: ahemdabad | H140: 27 | I140: 7 | J140: 13101 | K140: 1764649 | L140: 1.778
A141: India | B141: 2023-24 | C141: 2023 | D141: 8 | E141: CESC Mysore | F141: KAR | G141: mysore, mandya, hassan, kodagu | H141: 21 | I141: 3 | J141: 10112 | K141: 197518 | L141: 0.208
A142: India | B142: 2023-24 | C142: 2023 | D142: 8 | E142: MESCOM | F142: KAR | G142: mangaluru, udupi, shivamogga, chikkamagaluru | H142: 67 | I142: 2 | J142: 19805 | K142: 100752 | L142: 0.121
A143: India | B143: 2023-24 | C143: 2023 | D143: 8 | E143: GESCOM | F143: KAR | G143: kalaburgi | H143: 1 | I143: 0 | J143: 1619 | K143: 0 | L143: 0.002
A144: India | B144: 2023-24 | C144: 2023 | D144: 8 | E144: BESCOM | F144: KAR | G144: bangalore, davangere, chitradurga, tumkuru, kolar | H144: 288 | I144: 0 | J144: 235992 | K144: 0 | L144: 0.236
A145: India | B145: 2023-24 | C145: 2023 | D145: 8 | E145: APEPDCL | F145: AP | G145: visakhapatnam, rajmahendravaram, west godavari, srikakulam, vizianagaram | H145: 70 | I145: 0 | J145: 38473 | K145: 0 | L145: 0.038
...
